<?xml version="1.0" encoding="utf-8"?>
<odoo>
    <data noupdate="0">
        <!-- Create Module Category -->
        <record id="module_category_contacts_management" model="ir.module.category">
            <field name="name">Contacts Management</field>
            <field name="description">Manage access to contacts</field>
        </record>

        <!-- Employee Group -->
        <record id="group_employee" model="res.groups">
            <field name="name">Employee</field>
            <field name="category_id" ref="saara_spaces_models.module_category_contacts_management"/>
        </record>

        <!-- Admin Group -->
        <record id="group_admin" model="res.groups">
            <field name="name">Admin</field>
            <field name="category_id" ref="saara_spaces_models.module_category_contacts_management"/>
            <field name="implied_ids" eval="[(4, ref('saara_spaces_models.group_employee'))]"/>
        </record>

        <!-- Super Admin Group -->
        <record id="group_super_admin" model="res.groups">
            <field name="name">Super Admin</field>
            <field name="category_id" ref="saara_spaces_models.module_category_contacts_management"/>
            <field name="implied_ids" eval="[(4, ref('saara_spaces_models.group_admin'))]"/>
        </record>

        <record model="ir.rule" id="interior_project_comp_rule">
            <field name="name">Interior Project: multi-company</field>
            <field name="model_id" ref="model_project_interior"/>
            <field name="domain_force">[('company_id', 'in', company_ids + [False])]</field>
        </record>

        <record model="ir.rule" id="interior_customer_comp_rule">
            <field name="name">Interior Customer: multi-company</field>
            <field name="model_id" ref="model_res_customer"/>
            <field name="domain_force">[('company_id', 'in', company_ids + [False])]</field>
        </record>

        <record model="ir.rule" id="interior_agency_comp_rule">
            <field name="name">Interior Agency: multi-company</field>
            <field name="model_id" ref="model_res_agency"/>
            <field name="domain_force">[('company_id', 'in', company_ids + [False])]</field>
        </record>

        <record model="ir.rule" id="project_expenses_rule">
            <field name="name">project Expenses: multi-company</field>
            <field name="model_id" ref="model_project_expenses"/>
            <field name="domain_force">[('company_id', 'in', company_ids + [False])]</field>
        </record>

        <record model="ir.rule" id="project_payments_rule">
            <field name="name">Payments Method: multi-company</field>
            <field name="model_id" ref="model_payment_method"/>
            <field name="domain_force">[('company_id', 'in', company_ids + [False])]</field>
        </record>

        <record model="ir.rule" id="project_vendor_payments_rule">
            <field name="name">Vendor Payments Method: multi-company</field>
            <field name="model_id" ref="model_vendor_payment_method"/>
            <field name="domain_force">[('company_id', 'in', company_ids + [False])]</field>
        </record>

    </data>
</odoo>
